id,question,ideal_answer,keywords,elements,expected_duration,weight
RH-001,Tell me about yourself.,"Hi, I'm Alex. I'm a software engineer with 5 years of experience specializing in backend development with Java, Spring Boot, and PostgreSQL. I led a team of 3 developers on a microservices migration that reduced latency by 40 percent. I'm passionate about clean architecture and mentoring junior developers.",experience|skills|background,"{""nom"": [""i'm"", ""my name""], ""poste"": [""engineer"", ""developer""], ""experience"": [""years"", ""experience""]}",60,0.05
RH-002,Why are you interested in this position?,I've been following your company's growth in the cloud sector for 2 years. Your recent migration to microservices aligns perfectly with my 5 years of backend experience. I'm particularly excited about your open-source contributions and I would love to bring my expertise in distributed systems to your team.,skills|company|motivation,"{""entreprise"": [""company""], ""motivation"": [""passionate"", ""interested""]}",60,0.05
RH-003,What are your strengths?,"My main strength is system design. In my last role, I designed a real-time event processing pipeline that handles 100K events per second with sub-100ms latency. I combined Kafka, Flink, and PostgreSQL to build a system that scaled 10x without major changes.",strength|example|skills,"{""force"": [""strength"", ""strong""], ""exemple"": [""example"", ""instance""]}",60,0.05
RH-004,What are your weaknesses?,"Historically, I struggled with delegating because I wanted everything done my way. Through mentorship and leading a team of 4, I've learned that different approaches can be equally valid. I now focus on outcomes rather than specific implementations, which has improved both team morale and delivery speed.",weakness|improve|learning,"{""faiblesse"": [""weakness""], ""amelioration"": [""improve"", ""learning""]}",60,0.05
RH-005,Where do you see yourself in 5 years?,"In 5 years, I would like to be a tech lead or staff engineer, known for designing scalable systems. I want to have mentored 5 to 10 developers and contributed to open-source projects in the distributed systems space.",future|goals|growth,"{""objectif"": [""senior""], ""plan"": [""plan""]}",60,0.05
RH-006,Why should we hire you?,"My 5 years of backend experience, combined with my track record of delivering scalable systems, match your requirements. I designed a system handling 100K events per second. I also bring strong collaboration skills, having mentored 4 developers and led cross-team projects. I'm confident I can contribute from day one.",skills|value|fit,"{""competences"": [""skills"", ""experience""], ""valeur"": [""bring"", ""value"", ""contribute""], ""fit"": [""team"", ""culture"", ""company""]}",60,0.05
RH-007,Tell me about a challenge you overcame.,"Our API was timing out under high load. I led a deep investigation, found that our database queries were not indexed properly, and designed a caching layer with Redis. Response times dropped by 90 percent and we handled 5x more traffic with the same infrastructure.",challenge|problem|solution|result,"{""contexte"": [""project"", ""team""], ""probleme"": [""problem"", ""challenge""], ""action"": [""solved"", ""analyzed"", ""fixed""], ""resultat"": [""reduced"", ""improved"", ""achieved""]}",90,0.05
RH-008,How do you handle stress and pressure?,"During a critical outage that lasted 6 hours, I stayed focused by breaking the problem into small, testable steps. I communicated status updates every 30 minutes to stakeholders, which reduced anxiety on both sides. After the fix, I led a post-mortem to prevent recurrence.",stress|pressure|calm|priority,"{""stress"": [""stress"", ""pressure""], ""methode"": [""calm"", ""prioritize"", ""organize""], ""communication"": [""communicate"", ""team""]}",60,0.05
RH-009,Describe a time you worked in a team.,"I led a team of 4 developers to migrate a monolith to microservices. I designed the architecture, split the work, and mentored 2 juniors on the new stack. We migrated 100 percent of the traffic in 3 months with zero downtime and 5x performance improvement.",team|collaboration|contribution,"{""equipe"": [""team"", ""group""], ""role"": [""role"", ""contributed"", ""helped""], ""resultat"": [""achieved"", ""success"", ""delivered""]}",60,0.05
RH-010,Why are you leaving your current job?,"After 3 great years at my current company, I've grown from junior to senior engineer. I'm now looking for a role where I can work on distributed systems and mentor a team. Your company's focus on scaling and innovation aligns perfectly with my career goals.",leaving|growth|opportunity,"{""raison"": [""looking"", ""want"", ""seeking""], ""croissance"": [""grow"", ""growth"", ""challenge""], ""positif"": [""opportunity"", ""learn"", ""new""]}",60,0.05
RH-011,What are your salary expectations?,"Based on my experience and the market, I expect a range between X and Y.",salary|range|expectation,"{""salaire"": [""salary"", ""compensation"", ""range""], ""justification"": [""experience"", ""market"", ""based""], ""flexibilite"": [""negotiable"", ""flexible"", ""discuss""]}",45,0.05
RH-012,Tell me about a time you failed.,I once missed a deadline. I learned to communicate earlier and to plan better.,failure|learning|improve,"{""echec"": [""failed"", ""mistake"", ""missed""], ""apprentissage"": [""learned"", ""lesson""], ""amelioration"": [""improve"", ""better"", ""changed""]}",90,0.05
RH-013,How do you prioritize your tasks?,"I use the Eisenhower matrix: urgency and importance first, then the rest.",priority|organize|method,"{""methode"": [""matrix"", ""priority"", ""list""], ""critere"": [""urgent"", ""important"", ""deadline""], ""outils"": [""todo"", ""agenda"", ""track""]}",60,0.05
RH-014,What do you know about our company?,"You are a leader in your sector, known for X and Y. I follow your recent project Z.",company|knowledge|research,"{""entreprise"": [""company"", ""you""], ""secteur"": [""sector"", ""industry"", ""known""], ""projet"": [""project"", ""product"", ""recent""]}",60,0.05
RH-015,Are you willing to relocate?,"Yes, I am open to relocation depending on the opportunity and the location.",relocate|mobility|flexible,"{""mobilite"": [""relocate"", ""move"", ""travel""], ""flexibilite"": [""open"", ""flexible"", ""willing""], ""condition"": [""depending"", ""opportunity"", ""location""]}",30,0.05
RH-016,How do you handle criticism?,"I actively seek criticism because it accelerates my growth. When I asked a colleague for feedback on a design doc, they pointed out I hadn't considered failure modes. I now always include a what could go wrong section, which has caught critical issues early.",criticism|feedback|improve,"{""ecoute"": [""listen"", ""understand""], ""reaction"": [""thank"", ""accept"", ""consider""], ""amelioration"": [""improve"", ""grow"", ""better""]}",60,0.05
RH-017,Describe your ideal work environment.,"I like a collaborative team, clear goals, and continuous learning opportunities.",environment|team|values,"{""environnement"": [""team"", ""environment"", ""culture""], ""valeurs"": [""collaborative"", ""respect"", ""trust""], ""motivation"": [""learning"", ""growth"", ""challenge""]}",60,0.05
RH-018,What are your hobbies outside of work?,"I enjoy reading, sports, and side projects that help me learn new technologies.",hobbies|personal|balance,"{""loisirs"": [""reading"", ""sports"", ""music"", ""travel""], ""equilibre"": [""balance"", ""relax"", ""personal""], ""apprentissage"": [""learning"", ""project"", ""curious""]}",45,0.05
RH-019,How do you stay updated with new technologies?,"I follow tech blogs, take online courses, and build side projects regularly.",learning|technologies|curiosity,"{""source"": [""blog"", ""course"", ""newsletter""], ""pratique"": [""project"", ""practice"", ""build""], ""rythme"": [""regularly"", ""every"", ""daily""]}",60,0.05
RH-020,Do you have any questions for us?,"Yes, I would like to know more about your team, the tech stack, and how success is measured.",question|curiosity|interest,"{""equipe"": [""team"", ""colleagues""], ""projet"": [""project"", ""product"", ""roadmap""], ""mesure"": [""success"", ""metrics"", ""evaluate""]}",60,0.05
