question,ideal_answer,candidate_answer,label
Tell me about a challenge you overcame.,"Our API was timing out under high load. I led a deep investigation, found that our database queries were not indexed properly, and designed a caching layer with Redis. Response times dropped by 90 percent and we handled 5x more traffic with the same infrastructure.",We had a production issue and I fixed it.,Moyenne
How do you handle stress and pressure?,"During a critical outage that lasted 6 hours, I stayed focused by breaking the problem into small, testable steps. I communicated status updates every 30 minutes to stakeholders, which reduced anxiety on both sides. After the fix, I led a post-mortem to prevent recurrence.","I've learned to disconnect when needed. During high-pressure weeks, I make sure to sleep well, exercise, and take short breaks. This keeps me productive.",Bonne
Where do you see yourself in 5 years?,"In 5 years, I would like to be a tech lead or staff engineer, known for designing scalable systems. I want to have mentored 5 to 10 developers and contributed to open-source projects in the distributed systems space.",I want to grow in my career.,Moyenne
How do you handle stress and pressure?,"During a critical outage that lasted 6 hours, I stayed focused by breaking the problem into small, testable steps. I communicated status updates every 30 minutes to stakeholders, which reduced anxiety on both sides. After the fix, I led a post-mortem to prevent recurrence.",I try to stay calm.,Insuffisante
Why should we hire you?,"My 5 years of backend experience, combined with my track record of delivering scalable systems, match your requirements. I designed a system handling 100K events per second. I also bring strong collaboration skills, having mentored 4 developers and led cross-team projects. I'm confident I can contribute from day one.","Beyond my technical skills (Java, Spring Boot, Kubernetes, Kafka), I bring a rare combination of execution speed and code quality. In my last role, I shipped features 30% faster than the team average while maintaining 90%+ test coverage. I'd bring the same rigor here.",Excellente
Tell me about a challenge you overcame.,"Our API was timing out under high load. I led a deep investigation, found that our database queries were not indexed properly, and designed a caching layer with Redis. Response times dropped by 90 percent and we handled 5x more traffic with the same infrastructure.",I had a conflict with a colleague and we resolved it.,Moyenne
Describe a time you worked in a team.,"I led a team of 4 developers to migrate a monolith to microservices. I designed the architecture, split the work, and mentored 2 juniors on the new stack. We migrated 100 percent of the traffic in 3 months with zero downtime and 5x performance improvement.",I contributed to the backend of a team project.,Moyenne
Why should we hire you?,"My 5 years of backend experience, combined with my track record of delivering scalable systems, match your requirements. I designed a system handling 100K events per second. I also bring strong collaboration skills, having mentored 4 developers and led cross-team projects. I'm confident I can contribute from day one.","My technical skills match this role, and I bring strong problem-solving abilities. I've worked in similar environments and I'm ready to make an impact quickly.",Bonne
What are your strengths?,"My main strength is system design. In my last role, I designed a real-time event processing pipeline that handles 100K events per second with sub-100ms latency. I combined Kafka, Flink, and PostgreSQL to build a system that scaled 10x without major changes.",I'm a problem solver and I'm good with Java.,Moyenne
Tell me about a challenge you overcame.,"Our API was timing out under high load. I led a deep investigation, found that our database queries were not indexed properly, and designed a caching layer with Redis. Response times dropped by 90 percent and we handled 5x more traffic with the same infrastructure.",I had to meet a tight deadline.,Moyenne
What are your strengths?,"My main strength is system design. In my last role, I designed a real-time event processing pipeline that handles 100K events per second with sub-100ms latency. I combined Kafka, Flink, and PostgreSQL to build a system that scaled 10x without major changes.",I'm good,Mauvaise
How do you handle stress and pressure?,"During a critical outage that lasted 6 hours, I stayed focused by breaking the problem into small, testable steps. I communicated status updates every 30 minutes to stakeholders, which reduced anxiety on both sides. After the fix, I led a post-mortem to prevent recurrence.",I talk to my manager.,Insuffisante
Why should we hire you?,"My 5 years of backend experience, combined with my track record of delivering scalable systems, match your requirements. I designed a system handling 100K events per second. I also bring strong collaboration skills, having mentored 4 developers and led cross-team projects. I'm confident I can contribute from day one.",I have 5 years of backend experience with Java and Spring Boot. I've delivered several production systems and I'm confident I can contribute to your team from day one.,Bonne
Tell me about yourself.,"Hi, I'm Alex. I'm a software engineer with 5 years of experience specializing in backend development with Java, Spring Boot, and PostgreSQL. I led a team of 3 developers on a microservices migration that reduced latency by 40 percent. I'm passionate about clean architecture and mentoring junior developers.",idk,Mauvaise
What are your weaknesses?,"Historically, I struggled with delegating because I wanted everything done my way. Through mentorship and leading a team of 4, I've learned that different approaches can be equally valid. I now focus on outcomes rather than specific implementations, which has improved both team morale and delivery speed.",nothing,Mauvaise
What are your weaknesses?,"Historically, I struggled with delegating because I wanted everything done my way. Through mentorship and leading a team of 4, I've learned that different approaches can be equally valid. I now focus on outcomes rather than specific implementations, which has improved both team morale and delivery speed.","I get impatient with slow processes, but I've learned to be more patient.",Moyenne
Where do you see yourself in 5 years?,"In 5 years, I would like to be a tech lead or staff engineer, known for designing scalable systems. I want to have mentored 5 to 10 developers and contributed to open-source projects in the distributed systems space.",I want to stay in the same role.,Insuffisante
How do you handle stress and pressure?,"During a critical outage that lasted 6 hours, I stayed focused by breaking the problem into small, testable steps. I communicated status updates every 30 minutes to stakeholders, which reduced anxiety on both sides. After the fix, I led a post-mortem to prevent recurrence.",I make a list and focus on the most important thing first.,Moyenne
Tell me about a challenge you overcame.,"Our API was timing out under high load. I led a deep investigation, found that our database queries were not indexed properly, and designed a caching layer with Redis. Response times dropped by 90 percent and we handled 5x more traffic with the same infrastructure.","In my last project, we had a performance problem in production. I analyzed the logs, identified a slow SQL query, and optimized it. Response time dropped from 2s to 200ms, improving user experience significantly.",Bonne
Why are you leaving your current job?,"After 3 great years at my current company, I've grown from junior to senior engineer. I'm now looking for a role where I can work on distributed systems and mentor a team. Your company's focus on scaling and innovation aligns perfectly with my career goals.",I'm looking for new challenges.,Moyenne
What are your strengths?,"My main strength is system design. In my last role, I designed a real-time event processing pipeline that handles 100K events per second with sub-100ms latency. I combined Kafka, Flink, and PostgreSQL to build a system that scaled 10x without major changes.",I'm organized.,Insuffisante
How do you handle criticism?,"I actively seek criticism because it accelerates my growth. When I asked a colleague for feedback on a design doc, they pointed out I hadn't considered failure modes. I now always include a what could go wrong section, which has caught critical issues early.","I separate the feedback from my identity. When my manager said my documentation was lacking, I created templates and now docs are one of my strengths.",Bonne
Where do you see yourself in 5 years?,"In 5 years, I would like to be a tech lead or staff engineer, known for designing scalable systems. I want to have mentored 5 to 10 developers and contributed to open-source projects in the distributed systems space.",I want to be a manager.,Insuffisante
Why are you interested in this position?,I've been following your company's growth in the cloud sector for 2 years. Your recent migration to microservices aligns perfectly with my 5 years of backend experience. I'm particularly excited about your open-source contributions and I would love to bring my expertise in distributed systems to your team.,I've been following your company for a while. Your work on cloud infrastructure aligns with my experience in backend and DevOps.,Bonne
What are your strengths?,"My main strength is system design. In my last role, I designed a real-time event processing pipeline that handles 100K events per second with sub-100ms latency. I combined Kafka, Flink, and PostgreSQL to build a system that scaled 10x without major changes.",I work well in teams and I can handle pressure.,Moyenne
Tell me about a challenge you overcame.,"Our API was timing out under high load. I led a deep investigation, found that our database queries were not indexed properly, and designed a caching layer with Redis. Response times dropped by 90 percent and we handled 5x more traffic with the same infrastructure.",I worked a lot.,Insuffisante
Tell me about yourself.,"Hi, I'm Alex. I'm a software engineer with 5 years of experience specializing in backend development with Java, Spring Boot, and PostgreSQL. I led a team of 3 developers on a microservices migration that reduced latency by 40 percent. I'm passionate about clean architecture and mentoring junior developers.",I work as a developer mainly in Java.,Moyenne
Describe a time you worked in a team.,"I led a team of 4 developers to migrate a monolith to microservices. I designed the architecture, split the work, and mentored 2 juniors on the new stack. We migrated 100 percent of the traffic in 3 months with zero downtime and 5x performance improvement.",idk,Mauvaise
How do you handle stress and pressure?,"During a critical outage that lasted 6 hours, I stayed focused by breaking the problem into small, testable steps. I communicated status updates every 30 minutes to stakeholders, which reduced anxiety on both sides. After the fix, I led a post-mortem to prevent recurrence.",I keep a positive mindset and I don't let pressure affect my work.,Moyenne
What are your strengths?,"My main strength is system design. In my last role, I designed a real-time event processing pipeline that handles 100K events per second with sub-100ms latency. I combined Kafka, Flink, and PostgreSQL to build a system that scaled 10x without major changes.","My biggest strength is turning ambiguous problems into clear technical plans. Last year, our VP asked me to reduce infrastructure costs. I led an 8-week project that cut our AWS bill by 40% by right-sizing instances, moving to spot instances, and improving our caching strategy.",Excellente
Why should we hire you?,"My 5 years of backend experience, combined with my track record of delivering scalable systems, match your requirements. I designed a system handling 100K events per second. I also bring strong collaboration skills, having mentored 4 developers and led cross-team projects. I'm confident I can contribute from day one.",I have exactly the skills you need and a proven track record of delivering complex projects on time. I'm also passionate about learning and growing with the company.,Bonne
How do you handle criticism?,"I actively seek criticism because it accelerates my growth. When I asked a colleague for feedback on a design doc, they pointed out I hadn't considered failure modes. I now always include a what could go wrong section, which has caught critical issues early.",I ignore it,Mauvaise
Where do you see yourself in 5 years?,"In 5 years, I would like to be a tech lead or staff engineer, known for designing scalable systems. I want to have mentored 5 to 10 developers and contributed to open-source projects in the distributed systems space.",I want to earn more.,Insuffisante
Why are you leaving your current job?,"After 3 great years at my current company, I've grown from junior to senior engineer. I'm now looking for a role where I can work on distributed systems and mentor a team. Your company's focus on scaling and innovation aligns perfectly with my career goals.","My current company is stable and I'm grateful for the experience, but I've plateaued technically. I want to work with teams that push boundaries in event-driven architecture and cloud-native systems. Your engineering blog convinced me your team is on the cutting edge.",Excellente
Why are you interested in this position?,I've been following your company's growth in the cloud sector for 2 years. Your recent migration to microservices aligns perfectly with my 5 years of backend experience. I'm particularly excited about your open-source contributions and I would love to bring my expertise in distributed systems to your team.,The role seems interesting for my career.,Moyenne
What are your strengths?,"My main strength is system design. In my last role, I designed a real-time event processing pipeline that handles 100K events per second with sub-100ms latency. I combined Kafka, Flink, and PostgreSQL to build a system that scaled 10x without major changes.",I'm a fast learner.,Insuffisante
Describe a time you worked in a team.,"I led a team of 4 developers to migrate a monolith to microservices. I designed the architecture, split the work, and mentored 2 juniors on the new stack. We migrated 100 percent of the traffic in 3 months with zero downtime and 5x performance improvement.",I worked in a team.,Insuffisante
Why should we hire you?,"My 5 years of backend experience, combined with my track record of delivering scalable systems, match your requirements. I designed a system handling 100K events per second. I also bring strong collaboration skills, having mentored 4 developers and led cross-team projects. I'm confident I can contribute from day one.",I don't know,Mauvaise
Tell me about yourself.,"Hi, I'm Alex. I'm a software engineer with 5 years of experience specializing in backend development with Java, Spring Boot, and PostgreSQL. I led a team of 3 developers on a microservices migration that reduced latency by 40 percent. I'm passionate about clean architecture and mentoring junior developers.",I have a job.,Insuffisante
Tell me about yourself.,"Hi, I'm Alex. I'm a software engineer with 5 years of experience specializing in backend development with Java, Spring Boot, and PostgreSQL. I led a team of 3 developers on a microservices migration that reduced latency by 40 percent. I'm passionate about clean architecture and mentoring junior developers.","Hi, I'm Alex. I'm a software engineer with 5 years of experience specializing in backend development with Java, Spring Boot, and PostgreSQL. I led a team of 3 developers on a microservices migration that reduced latency by 40%. I'm passionate about clean architecture and mentoring junior developers.",Excellente
Tell me about yourself.,"Hi, I'm Alex. I'm a software engineer with 5 years of experience specializing in backend development with Java, Spring Boot, and PostgreSQL. I led a team of 3 developers on a microservices migration that reduced latency by 40 percent. I'm passionate about clean architecture and mentoring junior developers.",I don't know,Mauvaise
Describe a time you worked in a team.,"I led a team of 4 developers to migrate a monolith to microservices. I designed the architecture, split the work, and mentored 2 juniors on the new stack. We migrated 100 percent of the traffic in 3 months with zero downtime and 5x performance improvement.","I coordinated a team of 6 across 3 time zones for a critical release. I set up async communication, documented decisions, and over-communicated during the final week. We shipped on time and the team remained motivated throughout.",Excellente
Why are you interested in this position?,I've been following your company's growth in the cloud sector for 2 years. Your recent migration to microservices aligns perfectly with my 5 years of backend experience. I'm particularly excited about your open-source contributions and I would love to bring my expertise in distributed systems to your team.,money,Mauvaise
What are your weaknesses?,"Historically, I struggled with delegating because I wanted everything done my way. Through mentorship and leading a team of 4, I've learned that different approaches can be equally valid. I now focus on outcomes rather than specific implementations, which has improved both team morale and delivery speed.","Public speaking used to be hard. I joined a local Toastmasters club, and last month I gave a 30-minute tech talk to 50 people. I'm still learning but I've improved significantly.",Bonne
Why should we hire you?,"My 5 years of backend experience, combined with my track record of delivering scalable systems, match your requirements. I designed a system handling 100K events per second. I also bring strong collaboration skills, having mentored 4 developers and led cross-team projects. I'm confident I can contribute from day one.",I'm a good fit for the team and I can learn quickly.,Moyenne
Describe a time you worked in a team.,"I led a team of 4 developers to migrate a monolith to microservices. I designed the architecture, split the work, and mentored 2 juniors on the new stack. We migrated 100 percent of the traffic in 3 months with zero downtime and 5x performance improvement.","I led a team of 4 developers to migrate a monolith to microservices. I designed the architecture, split the work, and mentored 2 juniors on the new stack. We migrated 100% of the traffic in 3 months with zero downtime and 5x performance improvement.",Excellente
Describe a time you worked in a team.,"I led a team of 4 developers to migrate a monolith to microservices. I designed the architecture, split the work, and mentored 2 juniors on the new stack. We migrated 100 percent of the traffic in 3 months with zero downtime and 5x performance improvement.",We did a project.,Insuffisante
Tell me about a challenge you overcame.,"Our API was timing out under high load. I led a deep investigation, found that our database queries were not indexed properly, and designed a caching layer with Redis. Response times dropped by 90 percent and we handled 5x more traffic with the same infrastructure.","During Black Friday, our system hit 10x normal load and crashed. I coordinated the incident response, led the technical investigation, and designed a horizontal scaling solution using Kubernetes. The next year, we handled 15x load without issues.",Excellente
How do you handle stress and pressure?,"During a critical outage that lasted 6 hours, I stayed focused by breaking the problem into small, testable steps. I communicated status updates every 30 minutes to stakeholders, which reduced anxiety on both sides. After the fix, I led a post-mortem to prevent recurrence.","I stay calm and prioritize. When we had a production outage, I focused on the fix first, then on the root cause. This prevented panic and helped the team.",Bonne
Why are you leaving your current job?,"After 3 great years at my current company, I've grown from junior to senior engineer. I'm now looking for a role where I can work on distributed systems and mentor a team. Your company's focus on scaling and innovation aligns perfectly with my career goals.",money,Mauvaise
What are your strengths?,"My main strength is system design. In my last role, I designed a real-time event processing pipeline that handles 100K events per second with sub-100ms latency. I combined Kafka, Flink, and PostgreSQL to build a system that scaled 10x without major changes.","I learn fast and adapt easily. When we switched from a monolith to microservices, I picked up Kubernetes in 2 weeks and helped my team migrate.",Bonne
Where do you see yourself in 5 years?,"In 5 years, I would like to be a tech lead or staff engineer, known for designing scalable systems. I want to have mentored 5 to 10 developers and contributed to open-source projects in the distributed systems space.","I see myself as a senior engineer or engineering manager, having grown both technically and as a leader. I want to be the person my team turns to for architectural decisions and to have shipped products that impact millions of users.",Excellente
Why are you leaving your current job?,"After 3 great years at my current company, I've grown from junior to senior engineer. I'm now looking for a role where I can work on distributed systems and mentor a team. Your company's focus on scaling and innovation aligns perfectly with my career goals.",I hate my boss,Mauvaise
What are your strengths?,"My main strength is system design. In my last role, I designed a real-time event processing pipeline that handles 100K events per second with sub-100ms latency. I combined Kafka, Flink, and PostgreSQL to build a system that scaled 10x without major changes.",I'm good at coding and I learn fast.,Moyenne
Tell me about a challenge you overcame.,"Our API was timing out under high load. I led a deep investigation, found that our database queries were not indexed properly, and designed a caching layer with Redis. Response times dropped by 90 percent and we handled 5x more traffic with the same infrastructure.",It was hard.,Insuffisante
Why should we hire you?,"My 5 years of backend experience, combined with my track record of delivering scalable systems, match your requirements. I designed a system handling 100K events per second. I also bring strong collaboration skills, having mentored 4 developers and led cross-team projects. I'm confident I can contribute from day one.",I combine technical expertise with strong communication. I've mentored juniors and led projects. I believe I can add value to both your product and your team culture.,Bonne
Describe a time you worked in a team.,"I led a team of 4 developers to migrate a monolith to microservices. I designed the architecture, split the work, and mentored 2 juniors on the new stack. We migrated 100 percent of the traffic in 3 months with zero downtime and 5x performance improvement.",We used Git and had daily meetings.,Moyenne
How do you handle criticism?,"I actively seek criticism because it accelerates my growth. When I asked a colleague for feedback on a design doc, they pointed out I hadn't considered failure modes. I now always include a what could go wrong section, which has caught critical issues early.","I listen, thank the person, and reflect before responding. When a teammate said my code was hard to review, I broke my PRs into smaller chunks, which improved our team's review speed.",Bonne
Why are you leaving your current job?,"After 3 great years at my current company, I've grown from junior to senior engineer. I'm now looking for a role where I can work on distributed systems and mentor a team. Your company's focus on scaling and innovation aligns perfectly with my career goals.",they suck,Mauvaise
How do you handle stress and pressure?,"During a critical outage that lasted 6 hours, I stayed focused by breaking the problem into small, testable steps. I communicated status updates every 30 minutes to stakeholders, which reduced anxiety on both sides. After the fix, I led a post-mortem to prevent recurrence.",I prioritize my tasks and take deep breaths.,Moyenne
Tell me about yourself.,"Hi, I'm Alex. I'm a software engineer with 5 years of experience specializing in backend development with Java, Spring Boot, and PostgreSQL. I led a team of 3 developers on a microservices migration that reduced latency by 40 percent. I'm passionate about clean architecture and mentoring junior developers.",I'm a software engineer with 2 years of experience.,Moyenne
Why should we hire you?,"My 5 years of backend experience, combined with my track record of delivering scalable systems, match your requirements. I designed a system handling 100K events per second. I also bring strong collaboration skills, having mentored 4 developers and led cross-team projects. I'm confident I can contribute from day one.",I'm a hard worker.,Insuffisante
What are your weaknesses?,"Historically, I struggled with delegating because I wanted everything done my way. Through mentorship and leading a team of 4, I've learned that different approaches can be equally valid. I now focus on outcomes rather than specific implementations, which has improved both team morale and delivery speed.",I'm a perfectionist.,Insuffisante
Where do you see yourself in 5 years?,"In 5 years, I would like to be a tech lead or staff engineer, known for designing scalable systems. I want to have mentored 5 to 10 developers and contributed to open-source projects in the distributed systems space.",not sure,Mauvaise
Why are you interested in this position?,I've been following your company's growth in the cloud sector for 2 years. Your recent migration to microservices aligns perfectly with my 5 years of backend experience. I'm particularly excited about your open-source contributions and I would love to bring my expertise in distributed systems to your team.,This position matches my 5 years of experience in backend development and I want to work on larger-scale systems.,Bonne
How do you handle stress and pressure?,"During a critical outage that lasted 6 hours, I stayed focused by breaking the problem into small, testable steps. I communicated status updates every 30 minutes to stakeholders, which reduced anxiety on both sides. After the fix, I led a post-mortem to prevent recurrence.",I try to stay organized and communicate with my team.,Moyenne
What are your weaknesses?,"Historically, I struggled with delegating because I wanted everything done my way. Through mentorship and leading a team of 4, I've learned that different approaches can be equally valid. I now focus on outcomes rather than specific implementations, which has improved both team morale and delivery speed.",I work too much.,Insuffisante
What are your weaknesses?,"Historically, I struggled with delegating because I wanted everything done my way. Through mentorship and leading a team of 4, I've learned that different approaches can be equally valid. I now focus on outcomes rather than specific implementations, which has improved both team morale and delivery speed.",I'm shy.,Insuffisante
Where do you see yourself in 5 years?,"In 5 years, I would like to be a tech lead or staff engineer, known for designing scalable systems. I want to have mentored 5 to 10 developers and contributed to open-source projects in the distributed systems space.",I want to work on bigger projects.,Moyenne
Where do you see yourself in 5 years?,"In 5 years, I would like to be a tech lead or staff engineer, known for designing scalable systems. I want to have mentored 5 to 10 developers and contributed to open-source projects in the distributed systems space.",in 5 years,Mauvaise
How do you handle criticism?,"I actively seek criticism because it accelerates my growth. When I asked a colleague for feedback on a design doc, they pointed out I hadn't considered failure modes. I now always include a what could go wrong section, which has caught critical issues early.",I get angry,Mauvaise
What are your strengths?,"My main strength is system design. In my last role, I designed a real-time event processing pipeline that handles 100K events per second with sub-100ms latency. I combined Kafka, Flink, and PostgreSQL to build a system that scaled 10x without major changes.","I'm a fast learner with strong fundamentals. When my company adopted Kubernetes, I became the go-to person within a month and trained 5 colleagues. I learn best by building real projects, which is why I always have a side project running.",Excellente
How do you handle stress and pressure?,"During a critical outage that lasted 6 hours, I stayed focused by breaking the problem into small, testable steps. I communicated status updates every 30 minutes to stakeholders, which reduced anxiety on both sides. After the fix, I led a post-mortem to prevent recurrence.","I've built systems to manage pressure long-term. I exercise 4x a week, journal, and set clear boundaries between work and personal life. During a 3-month high-stakes project, this routine kept me productive and prevented burnout.",Excellente
What are your weaknesses?,"Historically, I struggled with delegating because I wanted everything done my way. Through mentorship and leading a team of 4, I've learned that different approaches can be equally valid. I now focus on outcomes rather than specific implementations, which has improved both team morale and delivery speed.",I have a tendency to go deep on technical problems even when a simpler solution would suffice. I've learned to timebox my investigations and ask myself 'what's the simplest thing that could work?' before diving in. This has cut my average feature delivery time significantly.,Excellente
Why are you interested in this position?,I've been following your company's growth in the cloud sector for 2 years. Your recent migration to microservices aligns perfectly with my 5 years of backend experience. I'm particularly excited about your open-source contributions and I would love to bring my expertise in distributed systems to your team.,I want to work with new technologies.,Moyenne
Where do you see yourself in 5 years?,"In 5 years, I would like to be a tech lead or staff engineer, known for designing scalable systems. I want to have mentored 5 to 10 developers and contributed to open-source projects in the distributed systems space.","In 5 years, I'd like to be a tech lead or staff engineer, known for designing scalable systems. I want to have mentored 5-10 developers and contributed to open-source projects in the distributed systems space.",Excellente
How do you handle stress and pressure?,"During a critical outage that lasted 6 hours, I stayed focused by breaking the problem into small, testable steps. I communicated status updates every 30 minutes to stakeholders, which reduced anxiety on both sides. After the fix, I led a post-mortem to prevent recurrence.",I panic,Mauvaise
Why should we hire you?,"My 5 years of backend experience, combined with my track record of delivering scalable systems, match your requirements. I designed a system handling 100K events per second. I also bring strong collaboration skills, having mentored 4 developers and led cross-team projects. I'm confident I can contribute from day one.",because,Mauvaise
How do you handle criticism?,"I actively seek criticism because it accelerates my growth. When I asked a colleague for feedback on a design doc, they pointed out I hadn't considered failure modes. I now always include a what could go wrong section, which has caught critical issues early.",I stay calm.,Insuffisante
Describe a time you worked in a team.,"I led a team of 4 developers to migrate a monolith to microservices. I designed the architecture, split the work, and mentored 2 juniors on the new stack. We migrated 100 percent of the traffic in 3 months with zero downtime and 5x performance improvement.","I was tech lead for a cross-team project involving backend, frontend, and data science. I established clear interfaces, ran weekly syncs, and resolved conflicts between teams. We shipped a personalization engine that increased conversion by 25%.",Excellente
Tell me about a challenge you overcame.,"Our API was timing out under high load. I led a deep investigation, found that our database queries were not indexed properly, and designed a caching layer with Redis. Response times dropped by 90 percent and we handled 5x more traffic with the same infrastructure.",nothing,Mauvaise
Why should we hire you?,"My 5 years of backend experience, combined with my track record of delivering scalable systems, match your requirements. I designed a system handling 100K events per second. I also bring strong collaboration skills, having mentored 4 developers and led cross-team projects. I'm confident I can contribute from day one.",I'm available immediately.,Insuffisante
Why are you leaving your current job?,"After 3 great years at my current company, I've grown from junior to senior engineer. I'm now looking for a role where I can work on distributed systems and mentor a team. Your company's focus on scaling and innovation aligns perfectly with my career goals.",I don't like the company.,Insuffisante
Tell me about a challenge you overcame.,"Our API was timing out under high load. I led a deep investigation, found that our database queries were not indexed properly, and designed a caching layer with Redis. Response times dropped by 90 percent and we handled 5x more traffic with the same infrastructure.","We had to migrate from a monolith to microservices in 3 months. I designed the migration plan, led the backend team, and we shipped on time. The system now scales 10x better.",Bonne
Tell me about yourself.,"Hi, I'm Alex. I'm a software engineer with 5 years of experience specializing in backend development with Java, Spring Boot, and PostgreSQL. I led a team of 3 developers on a microservices migration that reduced latency by 40 percent. I'm passionate about clean architecture and mentoring junior developers.","Hi, I'm Alex. I've been a backend engineer for 6 years, specializing in Java, Spring Boot, PostgreSQL, and Kafka. I designed a real-time event-driven system that processes 100K events per second. I mentor 2 junior developers and lead code reviews. I'm currently learning Kubernetes and distributed systems.",Excellente
How do you handle stress and pressure?,"During a critical outage that lasted 6 hours, I stayed focused by breaking the problem into small, testable steps. I communicated status updates every 30 minutes to stakeholders, which reduced anxiety on both sides. After the fix, I led a post-mortem to prevent recurrence.",badly,Mauvaise
Describe a time you worked in a team.,"I led a team of 4 developers to migrate a monolith to microservices. I designed the architecture, split the work, and mentored 2 juniors on the new stack. We migrated 100 percent of the traffic in 3 months with zero downtime and 5x performance improvement.",I worked on a team of 3 developers on a web project.,Moyenne
How do you handle stress and pressure?,"During a critical outage that lasted 6 hours, I stayed focused by breaking the problem into small, testable steps. I communicated status updates every 30 minutes to stakeholders, which reduced anxiety on both sides. After the fix, I led a post-mortem to prevent recurrence.",I take breaks.,Insuffisante
How do you handle criticism?,"I actively seek criticism because it accelerates my growth. When I asked a colleague for feedback on a design doc, they pointed out I hadn't considered failure modes. I now always include a what could go wrong section, which has caught critical issues early.",I listen carefully and try to improve.,Moyenne
Why are you interested in this position?,I've been following your company's growth in the cloud sector for 2 years. Your recent migration to microservices aligns perfectly with my 5 years of backend experience. I'm particularly excited about your open-source contributions and I would love to bring my expertise in distributed systems to your team.,It's a good job.,Insuffisante
How do you handle criticism?,"I actively seek criticism because it accelerates my growth. When I asked a colleague for feedback on a design doc, they pointed out I hadn't considered failure modes. I now always include a what could go wrong section, which has caught critical issues early.",I consider it and decide if it's useful.,Moyenne
What are your strengths?,"My main strength is system design. In my last role, I designed a real-time event processing pipeline that handles 100K events per second with sub-100ms latency. I combined Kafka, Flink, and PostgreSQL to build a system that scaled 10x without major changes.","My main strength is problem-solving. In my last project, I diagnosed a performance issue and optimized our API response time by 30%.",Bonne
How do you handle criticism?,"I actively seek criticism because it accelerates my growth. When I asked a colleague for feedback on a design doc, they pointed out I hadn't considered failure modes. I now always include a what could go wrong section, which has caught critical issues early.","I ask clarifying questions to understand the feedback. During a code review, a senior engineer flagged my error handling. We discussed it, and I now write more robust code.",Bonne
What are your weaknesses?,"Historically, I struggled with delegating because I wanted everything done my way. Through mentorship and leading a team of 4, I've learned that different approaches can be equally valid. I now focus on outcomes rather than specific implementations, which has improved both team morale and delivery speed.",I don't like meetings.,Insuffisante
How do you handle criticism?,"I actively seek criticism because it accelerates my growth. When I asked a colleague for feedback on a design doc, they pointed out I hadn't considered failure modes. I now always include a what could go wrong section, which has caught critical issues early.","I respond quickly and thank the person, even when it stings. In a retro, a teammate said I interrupted too often. I worked with a coach and now I pause before speaking. This change improved my collaboration significantly.",Excellente
Why are you interested in this position?,I've been following your company's growth in the cloud sector for 2 years. Your recent migration to microservices aligns perfectly with my 5 years of backend experience. I'm particularly excited about your open-source contributions and I would love to bring my expertise in distributed systems to your team.,"I'm looking for a role where I can grow technically and contribute to meaningful projects. Your company's focus on innovation, combined with the chance to work with Kubernetes and event-driven architectures, is exactly what I'm seeking after 5 years in backend development.",Excellente
Tell me about yourself.,"Hi, I'm Alex. I'm a software engineer with 5 years of experience specializing in backend development with Java, Spring Boot, and PostgreSQL. I led a team of 3 developers on a microservices migration that reduced latency by 40 percent. I'm passionate about clean architecture and mentoring junior developers.",I have 5 years of experience in backend development. I've worked on scalable systems and led small projects.,Bonne
Why should we hire you?,"My 5 years of backend experience, combined with my track record of delivering scalable systems, match your requirements. I designed a system handling 100K events per second. I also bring strong collaboration skills, having mentored 4 developers and led cross-team projects. I'm confident I can contribute from day one.",I have 3 years of experience in backend development.,Moyenne
Tell me about a challenge you overcame.,"Our API was timing out under high load. I led a deep investigation, found that our database queries were not indexed properly, and designed a caching layer with Redis. Response times dropped by 90 percent and we handled 5x more traffic with the same infrastructure.","We had a cross-team disagreement between backend and data science on model deployment. I organized a workshop, mapped each team's constraints, and designed a hybrid solution: batch processing for heavy models, real-time for lightweight ones. This unblocked both teams and shipped 2 weeks early.",Excellente
What are your weaknesses?,"Historically, I struggled with delegating because I wanted everything done my way. Through mentorship and leading a team of 4, I've learned that different approaches can be equally valid. I now focus on outcomes rather than specific implementations, which has improved both team morale and delivery speed.",I sometimes take on too much work because I want to help everyone. I've learned to say no more often and to delegate when appropriate. My team has actually benefited from this change.,Bonne
Why are you leaving your current job?,"After 3 great years at my current company, I've grown from junior to senior engineer. I'm now looking for a role where I can work on distributed systems and mentor a team. Your company's focus on scaling and innovation aligns perfectly with my career goals.","I've been in my current role for 3 years and I've learned a lot, but there's no room for growth. I'm looking for a role with more responsibility and technical challenges.",Bonne
Why are you interested in this position?,I've been following your company's growth in the cloud sector for 2 years. Your recent migration to microservices aligns perfectly with my 5 years of backend experience. I'm particularly excited about your open-source contributions and I would love to bring my expertise in distributed systems to your team.,I like your products and I want to contribute.,Moyenne
Where do you see yourself in 5 years?,"In 5 years, I would like to be a tech lead or staff engineer, known for designing scalable systems. I want to have mentored 5 to 10 developers and contributed to open-source projects in the distributed systems space.",I hope to have more responsibilities.,Moyenne
Why should we hire you?,"My 5 years of backend experience, combined with my track record of delivering scalable systems, match your requirements. I designed a system handling 100K events per second. I also bring strong collaboration skills, having mentored 4 developers and led cross-team projects. I'm confident I can contribute from day one.","I don't just fill a role — I elevate teams. My technical depth (distributed systems, event-driven architecture) and my mentorship experience (I've grown 3 junior engineers into mid-levels) make me a multiplier. Your team would benefit both from my code and from my leadership.",Excellente
Tell me about yourself.,"Hi, I'm Alex. I'm a software engineer with 5 years of experience specializing in backend development with Java, Spring Boot, and PostgreSQL. I led a team of 3 developers on a microservices migration that reduced latency by 40 percent. I'm passionate about clean architecture and mentoring junior developers.",I am a developer.,Insuffisante
How do you handle stress and pressure?,"During a critical outage that lasted 6 hours, I stayed focused by breaking the problem into small, testable steps. I communicated status updates every 30 minutes to stakeholders, which reduced anxiety on both sides. After the fix, I led a post-mortem to prevent recurrence.","I see pressure as information. When I feel stressed, I ask: what exactly is worrying me? Often it's a small, solvable thing. I then break it down and tackle the first step. This method has helped me lead incident responses calmly.",Excellente
What are your weaknesses?,"Historically, I struggled with delegating because I wanted everything done my way. Through mentorship and leading a team of 4, I've learned that different approaches can be equally valid. I now focus on outcomes rather than specific implementations, which has improved both team morale and delivery speed.",I've always been a bit impatient with legacy code. I've learned to value it by understanding its history and constraints. Now I document improvements and propose changes carefully instead of rushing.,Bonne
What are your weaknesses?,"Historically, I struggled with delegating because I wanted everything done my way. Through mentorship and leading a team of 4, I've learned that different approaches can be equally valid. I now focus on outcomes rather than specific implementations, which has improved both team morale and delivery speed.","I can be too focused on details sometimes, but I'm working on it.",Moyenne
Tell me about a challenge you overcame.,"Our API was timing out under high load. I led a deep investigation, found that our database queries were not indexed properly, and designed a caching layer with Redis. Response times dropped by 90 percent and we handled 5x more traffic with the same infrastructure.","When I joined, our deployment process took 4 hours with 2 hours of manual work. I designed a CI/CD pipeline using GitHub Actions and Docker. Deployments now take 15 minutes, fully automated. This freed 30 engineer-hours per week for actual development.",Excellente
Why are you interested in this position?,I've been following your company's growth in the cloud sector for 2 years. Your recent migration to microservices aligns perfectly with my 5 years of backend experience. I'm particularly excited about your open-source contributions and I would love to bring my expertise in distributed systems to your team.,I've admired your engineering blog for years. The way your team approached the migration to event-driven architecture inspired me to specialize in Kafka and stream processing. I'd love to contribute to your platform at this exciting growth stage.,Excellente
What are your strengths?,"My main strength is system design. In my last role, I designed a real-time event processing pipeline that handles 100K events per second with sub-100ms latency. I combined Kafka, Flink, and PostgreSQL to build a system that scaled 10x without major changes.",I don't know,Mauvaise
Where do you see yourself in 5 years?,"In 5 years, I would like to be a tech lead or staff engineer, known for designing scalable systems. I want to have mentored 5 to 10 developers and contributed to open-source projects in the distributed systems space.","I aim to grow into a tech lead role where I combine deep technical expertise with team leadership. I want to have designed systems used by millions, mentored a team of developers, and contributed to open-source projects that advance the industry.",Excellente
What are your strengths?,"My main strength is system design. In my last role, I designed a real-time event processing pipeline that handles 100K events per second with sub-100ms latency. I combined Kafka, Flink, and PostgreSQL to build a system that scaled 10x without major changes.",I'm a strong communicator. I've mentored 3 junior developers and regularly present technical topics to non-technical stakeholders.,Bonne
Tell me about a challenge you overcame.,"Our API was timing out under high load. I led a deep investigation, found that our database queries were not indexed properly, and designed a caching layer with Redis. Response times dropped by 90 percent and we handled 5x more traffic with the same infrastructure.",I don't remember,Mauvaise
Why are you leaving your current job?,"After 3 great years at my current company, I've grown from junior to senior engineer. I'm now looking for a role where I can work on distributed systems and mentor a team. Your company's focus on scaling and innovation aligns perfectly with my career goals.",I'm bored.,Insuffisante
How do you handle stress and pressure?,"During a critical outage that lasted 6 hours, I stayed focused by breaking the problem into small, testable steps. I communicated status updates every 30 minutes to stakeholders, which reduced anxiety on both sides. After the fix, I led a post-mortem to prevent recurrence.","During a critical outage that lasted 6 hours, I stayed focused by breaking the problem into small, testable steps. I communicated status updates every 30 minutes to stakeholders, which reduced anxiety on both sides. After the fix, I led a post-mortem to prevent recurrence.",Excellente
Why are you leaving your current job?,"After 3 great years at my current company, I've grown from junior to senior engineer. I'm now looking for a role where I can work on distributed systems and mentor a team. Your company's focus on scaling and innovation aligns perfectly with my career goals.","My current company is pivoting away from backend infrastructure, which has been my specialty for 5 years. I'm looking for a role where I can deepen that expertise and lead architecture decisions. Your commitment to distributed systems aligns with my long-term direction.",Excellente
Why are you leaving your current job?,"After 3 great years at my current company, I've grown from junior to senior engineer. I'm now looking for a role where I can work on distributed systems and mentor a team. Your company's focus on scaling and innovation aligns perfectly with my career goals.",I want more money.,Insuffisante
What are your strengths?,"My main strength is system design. In my last role, I designed a real-time event processing pipeline that handles 100K events per second with sub-100ms latency. I combined Kafka, Flink, and PostgreSQL to build a system that scaled 10x without major changes.","I combine strong technical skills with excellent communication. I've led cross-functional projects involving backend, frontend, and product teams. My ability to explain complex technical trade-offs to non-engineers helped us align on architecture decisions and ship 2 weeks ahead of schedule.",Excellente
What are your strengths?,"My main strength is system design. In my last role, I designed a real-time event processing pipeline that handles 100K events per second with sub-100ms latency. I combined Kafka, Flink, and PostgreSQL to build a system that scaled 10x without major changes.",I'm motivated.,Insuffisante
Why should we hire you?,"My 5 years of backend experience, combined with my track record of delivering scalable systems, match your requirements. I designed a system handling 100K events per second. I also bring strong collaboration skills, having mentored 4 developers and led cross-team projects. I'm confident I can contribute from day one.",because I need a job,Mauvaise
Describe a time you worked in a team.,"I led a team of 4 developers to migrate a monolith to microservices. I designed the architecture, split the work, and mentored 2 juniors on the new stack. We migrated 100 percent of the traffic in 3 months with zero downtime and 5x performance improvement.",never,Mauvaise
Tell me about a challenge you overcame.,"Our API was timing out under high load. I led a deep investigation, found that our database queries were not indexed properly, and designed a caching layer with Redis. Response times dropped by 90 percent and we handled 5x more traffic with the same infrastructure.","I had to learn Kubernetes in 2 weeks to lead a migration. I studied at night, built a small project, and successfully led the migration. The team now uses Kubernetes for all deployments.",Bonne
Describe a time you worked in a team.,"I led a team of 4 developers to migrate a monolith to microservices. I designed the architecture, split the work, and mentored 2 juniors on the new stack. We migrated 100 percent of the traffic in 3 months with zero downtime and 5x performance improvement.",We collaborated on a REST API and shared tasks.,Moyenne
How do you handle criticism?,"I actively seek criticism because it accelerates my growth. When I asked a colleague for feedback on a design doc, they pointed out I hadn't considered failure modes. I now always include a what could go wrong section, which has caught critical issues early.","I see feedback as data, not judgment. In my last performance review, I was told to communicate more proactively. I started weekly updates, and my manager noticed the improvement.",Bonne
What are your strengths?,"My main strength is system design. In my last role, I designed a real-time event processing pipeline that handles 100K events per second with sub-100ms latency. I combined Kafka, Flink, and PostgreSQL to build a system that scaled 10x without major changes.",everything,Mauvaise
Why should we hire you?,"My 5 years of backend experience, combined with my track record of delivering scalable systems, match your requirements. I designed a system handling 100K events per second. I also bring strong collaboration skills, having mentored 4 developers and led cross-team projects. I'm confident I can contribute from day one.","I bring 6 years of backend expertise, but what sets me apart is my product mindset. I've worked closely with product teams, understood user needs, and translated them into technical solutions. This ensures that what I build actually solves real problems, not just technical ones.",Excellente
Describe a time you worked in a team.,"I led a team of 4 developers to migrate a monolith to microservices. I designed the architecture, split the work, and mentored 2 juniors on the new stack. We migrated 100 percent of the traffic in 3 months with zero downtime and 5x performance improvement.",I don't like teams,Mauvaise
How do you handle stress and pressure?,"During a critical outage that lasted 6 hours, I stayed focused by breaking the problem into small, testable steps. I communicated status updates every 30 minutes to stakeholders, which reduced anxiety on both sides. After the fix, I led a post-mortem to prevent recurrence.",I don't know,Mauvaise
What are your weaknesses?,"Historically, I struggled with delegating because I wanted everything done my way. Through mentorship and leading a team of 4, I've learned that different approaches can be equally valid. I now focus on outcomes rather than specific implementations, which has improved both team morale and delivery speed.","Historically, I struggled with delegating because I wanted everything done 'my way'. Through mentorship and leading a team of 4, I've learned that different approaches can be equally valid. I now focus on outcomes rather than specific implementations, which has improved both team morale and delivery speed.",Excellente
Tell me about a challenge you overcame.,"Our API was timing out under high load. I led a deep investigation, found that our database queries were not indexed properly, and designed a caching layer with Redis. Response times dropped by 90 percent and we handled 5x more traffic with the same infrastructure.","We had a critical production bug that affected all users. I stayed calm, led the incident response, and we fixed it in 2 hours. I then wrote a post-mortem that prevented similar issues.",Bonne
What are your weaknesses?,"Historically, I struggled with delegating because I wanted everything done my way. Through mentorship and leading a team of 4, I've learned that different approaches can be equally valid. I now focus on outcomes rather than specific implementations, which has improved both team morale and delivery speed.",I don't have any,Mauvaise
Tell me about yourself.,"Hi, I'm Alex. I'm a software engineer with 5 years of experience specializing in backend development with Java, Spring Boot, and PostgreSQL. I led a team of 3 developers on a microservices migration that reduced latency by 40 percent. I'm passionate about clean architecture and mentoring junior developers.","I'm a senior software engineer with 7 years of experience in backend development, cloud architecture, and team leadership. At my last job, I architected a microservices migration that cut infrastructure costs by 30% and improved deployment frequency by 5x.",Excellente
Tell me about yourself.,"Hi, I'm Alex. I'm a software engineer with 5 years of experience specializing in backend development with Java, Spring Boot, and PostgreSQL. I led a team of 3 developers on a microservices migration that reduced latency by 40 percent. I'm passionate about clean architecture and mentoring junior developers.","I'm a software engineer specializing in backend development. I've built APIs, worked with SQL, and improved system performance.",Bonne
Tell me about a challenge you overcame.,"Our API was timing out under high load. I led a deep investigation, found that our database queries were not indexed properly, and designed a caching layer with Redis. Response times dropped by 90 percent and we handled 5x more traffic with the same infrastructure.","Our API was timing out under high load. I led a deep investigation, found that our database queries were not indexed properly, and designed a caching layer with Redis. Response times dropped by 90% and we handled 5x more traffic with the same infrastructure.",Excellente
Why are you interested in this position?,I've been following your company's growth in the cloud sector for 2 years. Your recent migration to microservices aligns perfectly with my 5 years of backend experience. I'm particularly excited about your open-source contributions and I would love to bring my expertise in distributed systems to your team.,I like the company.,Insuffisante
How do you handle criticism?,"I actively seek criticism because it accelerates my growth. When I asked a colleague for feedback on a design doc, they pointed out I hadn't considered failure modes. I now always include a what could go wrong section, which has caught critical issues early.","I actively seek criticism because it accelerates my growth. When I asked a colleague for feedback on a design doc, they pointed out I hadn't considered failure modes. I now always include a 'what could go wrong' section, which has caught critical issues early.",Excellente
Why are you interested in this position?,I've been following your company's growth in the cloud sector for 2 years. Your recent migration to microservices aligns perfectly with my 5 years of backend experience. I'm particularly excited about your open-source contributions and I would love to bring my expertise in distributed systems to your team.,The salary looks good.,Insuffisante
Where do you see yourself in 5 years?,"In 5 years, I would like to be a tech lead or staff engineer, known for designing scalable systems. I want to have mentored 5 to 10 developers and contributed to open-source projects in the distributed systems space.",I want to transition into an engineering manager role after deepening my technical expertise.,Bonne
Where do you see yourself in 5 years?,"In 5 years, I would like to be a tech lead or staff engineer, known for designing scalable systems. I want to have mentored 5 to 10 developers and contributed to open-source projects in the distributed systems space.",I hope to be a tech lead with strong expertise in backend architecture.,Bonne
Where do you see yourself in 5 years?,"In 5 years, I would like to be a tech lead or staff engineer, known for designing scalable systems. I want to have mentored 5 to 10 developers and contributed to open-source projects in the distributed systems space.","My goal is to become a staff engineer specializing in distributed systems. I want to lead cross-team architectural initiatives, publish technical articles, and speak at conferences. I also want to continue mentoring junior developers.",Excellente
How do you handle criticism?,"I actively seek criticism because it accelerates my growth. When I asked a colleague for feedback on a design doc, they pointed out I hadn't considered failure modes. I now always include a what could go wrong section, which has caught critical issues early.",I try to accept it.,Insuffisante
Tell me about yourself.,"Hi, I'm Alex. I'm a software engineer with 5 years of experience specializing in backend development with Java, Spring Boot, and PostgreSQL. I led a team of 3 developers on a microservices migration that reduced latency by 40 percent. I'm passionate about clean architecture and mentoring junior developers.",I work in IT.,Insuffisante
Where do you see yourself in 5 years?,"In 5 years, I would like to be a tech lead or staff engineer, known for designing scalable systems. I want to have mentored 5 to 10 developers and contributed to open-source projects in the distributed systems space.",I don't know,Mauvaise
What are your strengths?,"My main strength is system design. In my last role, I designed a real-time event processing pipeline that handles 100K events per second with sub-100ms latency. I combined Kafka, Flink, and PostgreSQL to build a system that scaled 10x without major changes.",I'm autonomous and I like learning new technologies.,Moyenne
Why are you leaving your current job?,"After 3 great years at my current company, I've grown from junior to senior engineer. I'm now looking for a role where I can work on distributed systems and mentor a team. Your company's focus on scaling and innovation aligns perfectly with my career goals.",I'm looking for better opportunities.,Moyenne
Tell me about a challenge you overcame.,"Our API was timing out under high load. I led a deep investigation, found that our database queries were not indexed properly, and designed a caching layer with Redis. Response times dropped by 90 percent and we handled 5x more traffic with the same infrastructure.",no challenges,Mauvaise
Tell me about yourself.,"Hi, I'm Alex. I'm a software engineer with 5 years of experience specializing in backend development with Java, Spring Boot, and PostgreSQL. I led a team of 3 developers on a microservices migration that reduced latency by 40 percent. I'm passionate about clean architecture and mentoring junior developers.",hey,Mauvaise
Why should we hire you?,"My 5 years of backend experience, combined with my track record of delivering scalable systems, match your requirements. I designed a system handling 100K events per second. I also bring strong collaboration skills, having mentored 4 developers and led cross-team projects. I'm confident I can contribute from day one.",I'm the best,Mauvaise
What are your weaknesses?,"Historically, I struggled with delegating because I wanted everything done my way. Through mentorship and leading a team of 4, I've learned that different approaches can be equally valid. I now focus on outcomes rather than specific implementations, which has improved both team morale and delivery speed.","I've historically been too focused on code quality at the expense of deadlines. In my last project, I learned to balance both by setting clear 'good enough' criteria early. This helped me ship features 20% faster without sacrificing quality.",Bonne
Tell me about yourself.,"Hi, I'm Alex. I'm a software engineer with 5 years of experience specializing in backend development with Java, Spring Boot, and PostgreSQL. I led a team of 3 developers on a microservices migration that reduced latency by 40 percent. I'm passionate about clean architecture and mentoring junior developers.",I'm a backend developer with 4 years of experience. I've worked on REST APIs and microservices.,Bonne
Describe a time you worked in a team.,"I led a team of 4 developers to migrate a monolith to microservices. I designed the architecture, split the work, and mentored 2 juniors on the new stack. We migrated 100 percent of the traffic in 3 months with zero downtime and 5x performance improvement.",I worked in a team of 5 developers on a microservices migration. I handled 3 services and coordinated with the frontend team. We shipped on time and the system was 3x faster.,Bonne
Why are you leaving your current job?,"After 3 great years at my current company, I've grown from junior to senior engineer. I'm now looking for a role where I can work on distributed systems and mentor a team. Your company's focus on scaling and innovation aligns perfectly with my career goals.",I want to grow professionally.,Moyenne
Why are you leaving your current job?,"After 3 great years at my current company, I've grown from junior to senior engineer. I'm now looking for a role where I can work on distributed systems and mentor a team. Your company's focus on scaling and innovation aligns perfectly with my career goals.","I'm looking for a company whose mission I connect with and where I can grow both technically and as a leader. My current role has been a great learning experience, but the company is too small for the growth I want.",Bonne
Tell me about yourself.,"Hi, I'm Alex. I'm a software engineer with 5 years of experience specializing in backend development with Java, Spring Boot, and PostgreSQL. I led a team of 3 developers on a microservices migration that reduced latency by 40 percent. I'm passionate about clean architecture and mentoring junior developers.","Hello, I'm Alex. I have 5 years of backend engineering experience with a strong focus on Java, Spring Boot, and cloud-native architectures. I led the migration of a monolith to microservices, reducing latency by 40%. I've mentored 4 junior developers.",Excellente
How do you handle criticism?,"I actively seek criticism because it accelerates my growth. When I asked a colleague for feedback on a design doc, they pointed out I hadn't considered failure modes. I now always include a what could go wrong section, which has caught critical issues early.",idk,Mauvaise
Tell me about a challenge you overcame.,"Our API was timing out under high load. I led a deep investigation, found that our database queries were not indexed properly, and designed a caching layer with Redis. Response times dropped by 90 percent and we handled 5x more traffic with the same infrastructure.",It took time.,Insuffisante
What are your weaknesses?,"Historically, I struggled with delegating because I wanted everything done my way. Through mentorship and leading a team of 4, I've learned that different approaches can be equally valid. I now focus on outcomes rather than specific implementations, which has improved both team morale and delivery speed.","I sometimes take on too much work, but I've learned to delegate.",Moyenne
Why should we hire you?,"My 5 years of backend experience, combined with my track record of delivering scalable systems, match your requirements. I designed a system handling 100K events per second. I also bring strong collaboration skills, having mentored 4 developers and led cross-team projects. I'm confident I can contribute from day one.","My 5 years of backend experience, combined with my track record of delivering scalable systems (I designed a system handling 100K events/sec), match your requirements. I also bring strong collaboration skills — I've mentored 4 developers and led cross-team projects. I'm confident I can contribute from day one.",Excellente
Why should we hire you?,"My 5 years of backend experience, combined with my track record of delivering scalable systems, match your requirements. I designed a system handling 100K events per second. I also bring strong collaboration skills, having mentored 4 developers and led cross-team projects. I'm confident I can contribute from day one.",I'm motivated and I learn fast.,Insuffisante
Why are you interested in this position?,I've been following your company's growth in the cloud sector for 2 years. Your recent migration to microservices aligns perfectly with my 5 years of backend experience. I'm particularly excited about your open-source contributions and I would love to bring my expertise in distributed systems to your team.,Your company is a leader in the industry and I admire your recent projects. My skills in backend development match this position.,Bonne
What are your weaknesses?,"Historically, I struggled with delegating because I wanted everything done my way. Through mentorship and leading a team of 4, I've learned that different approaches can be equally valid. I now focus on outcomes rather than specific implementations, which has improved both team morale and delivery speed.","I used to avoid conflict and would let technical disagreements drag on. After a project suffered from this, I took a course on difficult conversations. Now I address disagreements early and directly, focusing on data rather than opinions. It's been transformative for my team's efficiency.",Excellente
Why are you leaving your current job?,"After 3 great years at my current company, I've grown from junior to senior engineer. I'm now looking for a role where I can work on distributed systems and mentor a team. Your company's focus on scaling and innovation aligns perfectly with my career goals.","I'm leaving for growth, not escape. My current role is great, but after 4 years I need new challenges. Specifically, I want to work on high-scale systems (100K+ req/s), lead technical initiatives, and grow into a staff engineer role. Your company offers exactly that path.",Excellente
Tell me about a challenge you overcame.,"Our API was timing out under high load. I led a deep investigation, found that our database queries were not indexed properly, and designed a caching layer with Redis. Response times dropped by 90 percent and we handled 5x more traffic with the same infrastructure.",idk,Mauvaise
Why are you leaving your current job?,"After 3 great years at my current company, I've grown from junior to senior engineer. I'm now looking for a role where I can work on distributed systems and mentor a team. Your company's focus on scaling and innovation aligns perfectly with my career goals.","My current company is great, but the tech stack is outdated. I want to work with modern technologies like Kubernetes and event-driven architecture.",Bonne
What are your strengths?,"My main strength is system design. In my last role, I designed a real-time event processing pipeline that handles 100K events per second with sub-100ms latency. I combined Kafka, Flink, and PostgreSQL to build a system that scaled 10x without major changes.",I work hard.,Insuffisante
What are your strengths?,"My main strength is system design. In my last role, I designed a real-time event processing pipeline that handles 100K events per second with sub-100ms latency. I combined Kafka, Flink, and PostgreSQL to build a system that scaled 10x without major changes.","I'm good at breaking down complex problems. I led the redesign of our authentication system, which improved security and reduced login time by 50%.",Bonne
Why should we hire you?,"My 5 years of backend experience, combined with my track record of delivering scalable systems, match your requirements. I designed a system handling 100K events per second. I also bring strong collaboration skills, having mentored 4 developers and led cross-team projects. I'm confident I can contribute from day one.",I match the job description and I'm motivated.,Moyenne
Describe a time you worked in a team.,"I led a team of 4 developers to migrate a monolith to microservices. I designed the architecture, split the work, and mentored 2 juniors on the new stack. We migrated 100 percent of the traffic in 3 months with zero downtime and 5x performance improvement.",We worked together.,Insuffisante
How do you handle stress and pressure?,"During a critical outage that lasted 6 hours, I stayed focused by breaking the problem into small, testable steps. I communicated status updates every 30 minutes to stakeholders, which reduced anxiety on both sides. After the fix, I led a post-mortem to prevent recurrence.","I use a mix of organization and mindfulness. I plan my week, prioritize tasks, and when stress hits, I remind myself that most problems are solvable. I also reach out to my team when needed.",Bonne
How do you handle stress and pressure?,"During a critical outage that lasted 6 hours, I stayed focused by breaking the problem into small, testable steps. I communicated status updates every 30 minutes to stakeholders, which reduced anxiety on both sides. After the fix, I led a post-mortem to prevent recurrence.",I don't,Mauvaise
Why are you leaving your current job?,"After 3 great years at my current company, I've grown from junior to senior engineer. I'm now looking for a role where I can work on distributed systems and mentor a team. Your company's focus on scaling and innovation aligns perfectly with my career goals.",I want to work with new technologies.,Moyenne
Why are you interested in this position?,I've been following your company's growth in the cloud sector for 2 years. Your recent migration to microservices aligns perfectly with my 5 years of backend experience. I'm particularly excited about your open-source contributions and I would love to bring my expertise in distributed systems to your team.,I need a job,Mauvaise
Why are you leaving your current job?,"After 3 great years at my current company, I've grown from junior to senior engineer. I'm now looking for a role where I can work on distributed systems and mentor a team. Your company's focus on scaling and innovation aligns perfectly with my career goals.",I don't know,Mauvaise
How do you handle criticism?,"I actively seek criticism because it accelerates my growth. When I asked a colleague for feedback on a design doc, they pointed out I hadn't considered failure modes. I now always include a what could go wrong section, which has caught critical issues early.",I don't like it.,Insuffisante
